<?xml version="1.0" encoding="utf-8"?>
<ode><userPreferences><userPreference><key>theme</key><value>base</value></userPreference></userPreferences><odeResources><odeResource><key>odeVersionId</key><value>20251030212408BNUQGA</value></odeResource><odeResource><key>odeId</key><value>20251030180630YZNYNK</value></odeResource><odeResource><key>odeVersionName</key><value>0</value></odeResource><odeResource><key>isDownload</key><value>true</value></odeResource></odeResources><odeProperties><odeProperty><key>pp_title</key><value>Explorando los circuitos con Arduino: de lo básico a la programación en bloques</value></odeProperty><odeProperty><key>pp_lang</key><value>es</value></odeProperty><odeProperty><key>pp_author</key><value>Jeimy Viviana Chacón Restrepo</value></odeProperty><odeProperty><key>license</key><value>creative commons: attribution - share alike 4.0</value></odeProperty><odeProperty><key>pp_description</key><value/></odeProperty><odeProperty><key>exportSource</key><value>true</value></odeProperty><odeProperty><key>pp_addExeLink</key><value>true</value></odeProperty><odeProperty><key>pp_exportElp</key><value>false</value></odeProperty><odeProperty><key>pp_addPagination</key><value>false</value></odeProperty><odeProperty><key>pp_addSearchBox</key><value>false</value></odeProperty><odeProperty><key>pp_addAccessibilityToolbar</key><value>false</value></odeProperty><odeProperty><key>pp_extraHeadContent</key><value/></odeProperty><odeProperty><key>footer</key><value/></odeProperty></odeProperties><odeNavStructures><odeNavStructure><odePageId>20251030212408OHAXTA</odePageId><odeParentPageId/><pageName>1. Introducción</pageName><odeNavStructureOrder>1</odeNavStructureOrder><odeNavStructureProperties><odeNavStructureProperty><key>titleNode</key><value>1. Introducción</value></odeNavStructureProperty><odeNavStructureProperty><key>titleHtml</key><value/></odeNavStructureProperty><odeNavStructureProperty><key>editableInPage</key><value>false</value></odeNavStructureProperty><odeNavStructureProperty><key>titlePage</key><value>1. Introducción</value></odeNavStructureProperty><odeNavStructureProperty><key>visibility</key><value>true</value></odeNavStructureProperty><odeNavStructureProperty><key>description</key><value/></odeNavStructureProperty></odeNavStructureProperties><odePagStructures><odePagStructure><odePageId>20251030212408OHAXTA</odePageId><odeBlockId>20251030212408BFQTYP</odeBlockId><blockName>Actividad # 1</blockName><iconName>guide</iconName><odePagStructureOrder>1</odePagStructureOrder><odePagStructureProperties><odePagStructureProperty><key>visibility</key><value>true</value></odePagStructureProperty><odePagStructureProperty><key>teacherOnly</key><value>false</value></odePagStructureProperty><odePagStructureProperty><key>allowToggle</key><value>true</value></odePagStructureProperty><odePagStructureProperty><key>minimized</key><value>false</value></odePagStructureProperty><odePagStructureProperty><key>identifier</key><value/></odePagStructureProperty><odePagStructureProperty><key>cssClass</key><value/></odePagStructureProperty></odePagStructureProperties><odeComponents><odeComponent><odePageId>20251030212408OHAXTA</odePageId><odeBlockId>20251030212408BFQTYP</odeBlockId><odeIdeviceId>20251030155243408X96</odeIdeviceId><odeIdeviceTypeName>text</odeIdeviceTypeName><htmlView>&lt;div class="exe-text-template"&gt;&lt;div class="textIdeviceContent"&gt;
            &lt;div class="exe-text-activity"&gt;
                &lt;div&gt;&lt;p&gt;&lt;strong&gt;Objetivo:&lt;/strong&gt; Reconocer la importancia del aprendizaje de los circuitos y la programación en bloques para la creación de proyectos tecnológicos con Arduino.&lt;/p&gt;
&lt;p style="text-align: center;"&gt;"La tecnología nos permite crear soluciones inteligentes a través de la combinación de la electricidad y la programación. En este recurso aprenderás cómo funcionan los circuitos y cómo programar un Arduino con bloques para dar vida a tus ideas."&lt;/p&gt;&lt;p class="clearfix"&gt;&lt;/p&gt;&lt;/div&gt;
            &lt;/div&gt;&lt;/div&gt;&lt;/div&gt;</htmlView><jsonProperties>{"ideviceId":"20251030155243408X96","textInfoDurationInput":"","textInfoDurationTextInput":"Duración","textInfoParticipantsInput":"","textInfoParticipantsTextInput":"Agrupamiento","textTextarea":"&lt;p&gt;&lt;strong&gt;Objetivo:&lt;/strong&gt; Reconocer la importancia del aprendizaje de los circuitos y la programación en bloques para la creación de proyectos tecnológicos con Arduino.&lt;/p&gt;\n&lt;p style=\"text-align: center;\"&gt;\"La tecnología nos permite crear soluciones inteligentes a través de la combinación de la electricidad y la programación. En este recurso aprenderás cómo funcionan los circuitos y cómo programar un Arduino con bloques para dar vida a tus ideas.\"&lt;/p&gt;","textFeedbackInput":"Mostrar retroalimentación","textFeedbackTextarea":""}</jsonProperties><odeComponentsOrder>1</odeComponentsOrder><odeComponentsProperties><odeComponentsProperty><key>visibility</key><value>true</value></odeComponentsProperty><odeComponentsProperty><key>teacherOnly</key><value>false</value></odeComponentsProperty><odeComponentsProperty><key>identifier</key><value/></odeComponentsProperty><odeComponentsProperty><key>cssClass</key><value/></odeComponentsProperty></odeComponentsProperties></odeComponent></odeComponents></odePagStructure></odePagStructures></odeNavStructure><odeNavStructure><odePageId>20251030212408IOEVRQ</odePageId><odeParentPageId/><pageName>Actividades</pageName><odeNavStructureOrder>2</odeNavStructureOrder><odeNavStructureProperties><odeNavStructureProperty><key>titleNode</key><value/></odeNavStructureProperty><odeNavStructureProperty><key>titleHtml</key><value/></odeNavStructureProperty><odeNavStructureProperty><key>editableInPage</key><value>false</value></odeNavStructureProperty><odeNavStructureProperty><key>titlePage</key><value>Actividades</value></odeNavStructureProperty><odeNavStructureProperty><key>visibility</key><value>true</value></odeNavStructureProperty><odeNavStructureProperty><key>description</key><value/></odeNavStructureProperty></odeNavStructureProperties><odePagStructures><odePagStructure><odePageId>20251030212408IOEVRQ</odePageId><odeBlockId>20251030212408JTWCWS</odeBlockId><blockName>Encuentra al componente escondido:</blockName><iconName>pieces</iconName><odePagStructureOrder>1</odePagStructureOrder><odePagStructureProperties><odePagStructureProperty><key>visibility</key><value>true</value></odePagStructureProperty><odePagStructureProperty><key>teacherOnly</key><value>false</value></odePagStructureProperty><odePagStructureProperty><key>allowToggle</key><value>true</value></odePagStructureProperty><odePagStructureProperty><key>minimized</key><value>false</value></odePagStructureProperty><odePagStructureProperty><key>identifier</key><value/></odePagStructureProperty><odePagStructureProperty><key>cssClass</key><value/></odePagStructureProperty></odePagStructureProperties><odeComponents><odeComponent><odePageId>20251030212408IOEVRQ</odePageId><odeBlockId>20251030212408JTWCWS</odeBlockId><odeIdeviceId>20251030160149173H36</odeIdeviceId><odeIdeviceTypeName>puzzle</odeIdeviceTypeName><htmlView>&lt;div class="puzzle-IDevice"&gt;&lt;div class="game-evaluation-ids js-hidden" data-id="20251030160149173H36" data-evaluationb="false" data-evaluationid="20251030180630YZNYNK"&gt;&lt;/div&gt;&lt;div class="puzzle-feedback-game"&gt;&lt;/div&gt;&lt;div class="puzzle-instructions"&gt;&lt;p&gt;Resuelve los siguientes puzles.&lt;/p&gt;&lt;/div&gt;&lt;div class="puzzle-DataGame js-hidden"&gt;%E9%B0%E6%EB%E2%F7%D5%F3%FF%F7%B0%A8%B0%C2%E7%E8%E8%FE%F7%B0%BE%B0%F3%E7%E6%FA%FD%E0%B0%A8%B0%B0%BE%B0%FB%FC%E1%E6%E0%E7%F1%E6%FB%FD%FC%E1%B0%A8%B0%AE%E2%AC%C0%F7%E1%E7%F7%FE%E4%F7%B2%FE%FD%E1%B2%E1%FB%F5%E7%FB%F7%FC%E6%F7%E1%B2%E2%E7%E8%FE%F7%E1%BC%AE%BD%E2%AC%B0%BE%B0%E0%F3%FC%F6%FD%FF%C2%E7%E8%E8%FE%F7%E1%B0%A8%F4%F3%FE%E1%F7%BE%B0%E1%FA%FD%E5%DF%FB%FC%FB%FF%FB%E8%F7%B0%A8%F4%F3%FE%E1%F7%BE%B0%FB%E6%FB%FC%F7%E0%F3%E0%EB%B0%A8%E9%B0%E1%FA%FD%E5%D1%FE%E7%F7%B0%A8%F4%F3%FE%E1%F7%BE%B0%F1%FE%E7%F7%D5%F3%FF%F7%B0%A8%B0%B0%BE%B0%E2%F7%E0%F1%F7%FC%E6%F3%F5%F7%D1%FE%E7%F7%B0%A8%A6%A2%BE%B0%E1%FA%FD%E5%D1%FD%F6%F7%D3%F1%F1%F7%E1%E1%B0%A8%F4%F3%FE%E1%F7%BE%B0%F1%FD%F6%F7%D3%F1%F1%F7%E1%E1%B0%A8%B0%B0%BE%B0%FF%F7%E1%E1%F3%F5%F7%D1%FD%F6%F7%D3%F1%F1%F7%E1%E1%B0%A8%B0%B0%EF%BE%B0%E2%E7%E8%E8%FE%F7%E1%D5%F3%FF%F7%B0%A8%C9%E9%B0%E6%EB%E2%F7%B0%A8%A2%BE%B0%E0%FD%E5%E1%B0%A8%A1%BE%B0%F1%FD%FE%E7%FF%FC%E1%B0%A8%A1%BE%B0%E1%FA%FD%E5%DB%FF%F3%F5%F7%B0%A8%F4%F3%FE%E1%F7%BE%B0%E1%FA%FD%E5%DC%E7%FF%F0%F7%E0%B0%A8%F4%F3%FE%E1%F7%BE%B0%F6%F7%F4%FB%FC%FB%E6%FB%FD%FC%B0%A8%B0%D6%F7%E1%F1%E7%F0%E0%F7%B2%E7%FC%B2%F5%E0%F3%FC%B2%F1%FD%FF%E2%FD%FC%F7%FC%E6%F7%B3%B0%BE%B0%F3%E7%F6%FB%FD%D6%F7%F4%FB%FC%FB%E6%FB%FD%FC%B0%A8%B0%B0%BE%B0%F3%E7%F6%FB%FD%D1%FE%E7%F7%B0%A8%B0%B0%BE%B0%E7%E0%FE%B0%A8%B0%F4%FB%FE%F7%E1%BD%E6%FF%E2%BD%A0%A2%A0%A7%BD%A3%A2%BD%A1%A2%BD%A0%A2%A0%A7%A3%A2%A1%A2%A3%AA%A2%A4%A1%A2%D1%D5%DA%D1%D3%D0%BD%A0%A2%A0%A7%A3%A2%A1%A2%A3%A4%A2%A3%A6%AB%A3%A5%A1%DA%A1%A4%BD%BD%F0%F3%E6%F7%E0%FB%F3%BC%E2%FC%F5%B0%BE%B0%F3%FE%E6%B0%A8%B0%B0%BE%B0%F3%E7%E6%FA%FD%E0%B0%A8%B0%B0%BE%B0%F1%FE%E7%F7%B0%A8%B0%B0%BE%B0%E1%FA%FD%E5%C6%FB%FF%F7%B0%A8%F4%F3%FE%E1%F7%BE%B0%E1%FA%FD%E5%D3%E6%E6%F7%FF%E2%E1%B0%A8%F4%F3%FE%E1%F7%EF%CF%BE%B0%FB%E1%C1%F1%FD%E0%FF%B0%A8%A2%BE%B0%E6%F7%EA%E6%D0%E7%E6%E6%FD%FC%C1%F1%FD%E0%FF%B0%A8%B0%D5%E7%F3%E0%F6%F3%E0%B2%FE%F3%B2%E2%E7%FC%E6%E7%F3%F1%FBa%FC%B0%BE%B0%E0%F7%E2%F7%F3%E6%D3%F1%E6%FB%E4%FB%E6%EB%B0%A8%E6%E0%E7%F7%BE%B0%E5%F7%FB%F5%FA%E6%F7%F6%B0%A8%A3%A2%A2%BE%B0%E6%F7%EA%E6%D4%F7%F7%F6%D0%F3%F1%F9%B0%A8%B0%B0%BE%B0%E6%F7%EA%E6%D3%F4%E6%F7%E0%B0%A8%B0%B0%BE%B0%F4%F7%F7%F6%D0%F3%F1%F9%B0%A8%F4%F3%FE%E1%F7%BE%B0%E2%F7%E0%F1%F7%FC%E6%F3%F8%F7%D4%D0%B0%A8%A3%A2%A2%BE%B0%E2%F7%E0%F1%F7%FC%E6%F3%F8%F7%C3%E7%F7%E1%E6%FB%FD%FC%E1%B0%A8%A3%A2%A2%BE%B0%E4%F7%E0%E1%FB%FD%FC%B0%A8%A3%BE%B0%F7%E4%F3%FE%E7%F3%E6%FB%FD%FC%B0%A8%F4%F3%FE%E1%F7%BE%B0%F7%E4%F3%FE%E7%F3%E6%FB%FD%FC%DB%D6%B0%A8%B0%A0%A2%A0%A7%A3%A2%A1%A2%A3%AA%A2%A4%A1%A2%CB%C8%DC%CB%DC%D9%B0%BE%B0%FB%F6%B0%A8%B0%A0%A2%A0%A7%A3%A2%A1%A2%A3%A4%A2%A3%A6%AB%A3%A5%A1%DA%A1%A4%B0%BE%B0%FF%E1%F5%E1%B0%A8%E9%B0%FF%E1%F5%C1%E7%F0%FF%FB%E6%B0%A8%B0%D7%FC%E4%FB%F3%E0%B0%BE%B0%FF%E1%F5%D1%FE%E7%F7%B0%A8%B03%D5%F7%FC%FB%F3%FE%B3%B2%DE%F3%B2%E2%FB%E1%E6%F3%B2%F7%E1%A8%B0%BE%B0%FF%E1%F5%D1%FD%F6%F7%D3%F1%F1%F7%E1%E1%B0%A8%B0%D1a%F6%FB%F5%FD%B2%F6%F7%B2%F3%F1%F1%F7%E1%FD%B0%BE%B0%FF%E1%F5%C2%FE%F3%EB%D3%F5%F3%FB%FC%B0%A8%B0%D8%E7%F5%F3%E0%B2%FD%E6%E0%F3%B2%E4%F7%E8%B0%BE%B0%FF%E1%F5%C2%FE%F3%EB%C1%E6%F3%E0%E6%B0%A8%B0%C2%E7%FE%E1%F7%B2%F3%E3%E7%7F%B2%E2%F3%E0%F3%B2%F8%E7%F5%F3%E0%B0%BE%B0%FF%E1%F5%D7%E0%E0%FD%E0%E1%B0%A8%B0%D7%E0%E0%FD%E0%F7%E1%B0%BE%B0%FF%E1%F5%DA%FB%E6%E1%B0%A8%B0%D3%F1%FB%F7%E0%E6%FD%E1%B0%BE%B0%FF%E1%F5%C1%F1%FD%E0%F7%B0%A8%B0%C2%E7%FC%E6%E7%F3%F1%FBa%FC%B0%BE%B0%FF%E1%F5%C5%F7%FB%F5%FA%E6%B0%A8%B0%C2%F7%E1%FD%B0%BE%B0%FF%E1%F5%DF%FB%FC%FB%FF%FB%E8%F7%B0%A8%B0%DF%FB%FC%FB%FF%FB%E8%F3%E0%B0%BE%B0%FF%E1%F5%DF%F3%EA%FB%FF%FB%E8%F7%B0%A8%B0%DF%F3%EA%FB%FF%FB%E8%F3%E0%B0%BE%B0%FF%E1%F5%D4%E7%FE%FE%C1%F1%E0%F7%F7%FC%B0%A8%B0%C2%F3%FC%E6%F3%FE%FE%F3%B2%D1%FD%FF%E2%FE%F7%E6%F3%B0%BE%B0%FF%E1%F5%D7%EA%FB%E6%D4%E7%FE%FE%C1%F1%E0%F7%F7%FC%B0%A8%B0%C1%F3%FE%FB%E0%B2%F6%F7%FE%B2%FF%FD%F6%FD%B2%E2%F3%FC%E6%F3%FE%FE%F3%B2%F1%FD%FF%E2%FE%F7%E6%F3%B0%BE%B0%FF%E1%F5%DC%E7%FF%C3%E7%F7%E1%E6%FB%FD%FC%E1%B0%A8%B0%DCh%FF%F7%E0%FD%B2%F6%F7%B2%E2%E0%F7%F5%E7%FC%E6%F3%E1%B0%BE%B0%FF%E1%F5%DC%FD%DB%FF%F3%F5%F7%B0%A8%B0%C2%E0%F7%F5%E7%FC%E6%F3%B2%E1%FB%FC%B2%FB%FFs%F5%F7%FC%F7%E1%B0%BE%B0%FF%E1%F5%D1%FD%FD%FE%B0%A8%B03%D0%FB%F7%FC%B3%B0%BE%B0%FF%E1%F5%C1%E7%F1%F1%F7%E1%E1%F7%E1%B0%A8%B03%D1%FD%E0%E0%F7%F1%E6%FD%B3%B2%EE%B23%D7%EA%F1%F7%FE%F7%FC%E6%F7%B3%B2%EE%B23%D5%F7%FC%FB%F3%FE%B3%B2%EE%B23%DF%E7%EB%B2%F0%FB%F7%FC%B3%B2%EE%B23%C2%F7%E0%F4%F7%F1%E6%FD%B3%B0%BE%B0%FF%E1%F5%D4%F3%FB%FE%E7%E0%F7%E1%B0%A8%B03%DC%FD%B2%F7%E0%F3%B2%F7%E1%FD%B3%B2%EE%B23%DB%FC%F1%FD%E0%E0%F7%F1%E6%FD%B3%B2%EE%B23%DC%FD%B2%F7%E1%B2%F1%FD%E0%E0%F7%F1%E6%FD%B3%B2%EE%B23%DE%FD%B2%E1%F7%FC%E6%FB%FF%FD%E1%B3%B2%EE%B23%D7%E0%E0%FD%E0%B3%B0%BE%B0%FF%E1%F5%C6%E0%EB%D3%F5%F3%FB%FC%B0%A8%B0%DC%F7%F1%F7%E1%FB%E6%F3%E1%B2%F3%FE%B2%FF%F7%FC%FD%E1%B2%B7%E1%B7%B2%F6%F7%B2%E0%F7%E1%E2%E7%F7%E1%E6%F3%E1%B2%F1%FD%E0%E0%F7%F1%E6%F3%E1%B2%E2%F3%E0%F3%B2%FD%F0%E6%F7%FC%F7%E0%B2%FE%F3%B2%FB%FC%F4%FD%E0%FF%F3%F1%FBa%FC%BC%B2%DB%FC%E6%7B%FC%E6%F3%FE%FD%B2%F6%F7%B2%FC%E7%F7%E4%FD%BC%B0%BE%B0%FF%E1%F5%D7%FC%F6%D5%F3%FF%F7%C1%F1%FD%E0%F7%B0%A8%B0%D3%FC%E6%F7%E1%B2%F6%F7%B2%F5%E7%F3%E0%F6%F3%E0%B2%FE%F3%B2%E2%E7%FC%E6%E7%F3%F1%FBa%FC%B2%F1%FD%FF%FB%F7%FC%F1%F7%B2%FE%F3%B2%E2%F3%E0%E6%FB%F6%F3%BC%B0%BE%B0%FF%E1%F5%C1%F1%FD%E0%F7%C1%F1%FD%E0%FF%B0%A8%B0%DE%F3%B2%E2%E7%FC%E6%E7%F3%F1%FBa%FC%B2%FC%FD%B2%E1%F7%B2%E2%E7%F7%F6%F7%B2%F5%E7%F3%E0%F6%F3%E0%B2%E2%FD%E0%E3%E7%F7%B2%F7%E1%E6%F3%B2%E2s%F5%FB%FC%F3%B2%FC%FD%B2%F4%FD%E0%FF%F3%B2%E2%F3%E0%E6%F7%B2%B2%F6%F7%B2%E7%FC%B2%E2%F3%E3%E7%F7%E6%F7%B2%C1%D1%DD%C0%DF%BC%B0%BE%B0%FF%E1%F5%DD%FC%FE%EB%C1%F3%E4%F7%C1%F1%FD%E0%F7%B0%A8%B03%C1%FD%FE%FD%B2%E2%E7%F7%F6%F7%B2%F5%E7%F3%E0%F6%F3%E0%B2%FE%F3%B2%E2%E7%FC%E6%E7%F3%F1%FBa%FC%B2%E7%FC%F3%B2%E4%F7%E8%B3%B0%BE%B0%FF%E1%F5%DD%FC%FE%EB%C1%F3%E4%F7%B0%A8%B0%C1%FD%FE%FD%B2%E2%E7%F7%F6%F7%B2%F5%E7%F3%E0%F6%F3%E0%B2%E7%FC%F3%B2%E4%F7%E8%B0%BE%B0%FF%E1%F5%DB%FC%F4%FD%E0%FF%F3%E6%FB%FD%FC%B0%A8%B0%DB%FC%F4%FD%E0%FF%F3%F1%FBa%FC%B0%BE%B0%FF%E1%F5%CB%FD%E7%C1%F1%FD%E0%F7%B0%A8%B0%C1%E7%B2%E2%E7%FC%E6%E7%F3%F1%FBa%FC%B0%BE%B0%FF%E1%F5%D3%E7%E6%FA%FD%E0%B0%A8%B0%D3%E7%E6%FD%E0%7F%F3%B0%BE%B0%FF%E1%F5%DD%FC%FE%EB%C1%F3%E4%F7%D3%E7%E6%FD%B0%A8%B0%C1%E7%B2%E2%E7%FC%E6%E7%F3%F1%FBa%FC%B2%E1%F7%B2%F5%E7%F3%E0%F6%F3%E0s%B2%F6%F7%E1%E2%E7%7B%E1%B2%F6%F7%B2%F1%F3%F6%F3%B2%E2%E0%F7%F5%E7%FC%E6%F3%BC%B2%C1%FD%FE%FD%B2%E2%E7%F7%F6%F7%B2%F8%E7%F5%F3%E0%B2%E7%FC%F3%B2%E4%F7%E8%BC%B0%BE%B0%FF%E1%F5%C1%F3%E4%F7%D3%E7%E6%FD%B0%A8%B0%C1%E7%B2%E2%E7%FC%E6%E7%F3%F1%FBa%FC%B2%E1%F7%B2%F5%E7%F3%E0%F6%F3%E0s%B2%F3%E7%E6%FD%FFs%E6%FB%F1%F3%FF%F7%FC%E6%F7%B2%F6%F7%E1%E2%E7%7B%E1%B2%F6%F7%B2%F1%F3%F6%F3%B2%E2%E0%F7%F5%E7%FC%E6%F3%BC%B0%BE%B0%FF%E1%F5%C1%F7%E4%F7%E0%F3%FE%C1%F1%FD%E0%F7%B0%A8%B0%C2%E7%F7%F6%F7%B2%F5%E7%F3%E0%F6%F3%E0%B2%FE%F3%B2%E2%E7%FC%E6%E7%F3%F1%FBa%FC%B2%E6%F3%FC%E6%F3%E1%B2%E4%F7%F1%F7%E1%B2%F1%FD%FF%FD%B2%E3%E7%FB%F7%E0%F3%B0%BE%B0%FF%E1%F5%CB%FD%E7%DE%F3%E1%E6%C1%F1%FD%E0%F7%B0%A8%B0%DE%F3%B2h%FE%E6%FB%FF%F3%B2%E2%E7%FC%E6%E7%F3%F1%FBa%FC%B2%F5%E7%F3%E0%F6%F3%F6%F3%B2%F7%E1%B0%BE%B0%FF%E1%F5%D3%F1%E6%FB%E6%EB%D1%FD%FF%E2%FE%EB%B0%A8%B0%CB%F3%B2%FA%F3%B2%E0%F7%F3%FE%FB%E8%F3%F6%FD%B2%F7%E1%E6%F3%B2%F3%F1%E6%FB%E4%FB%F6%F3%F6%BC%B0%BE%B0%FF%E1%F5%C2%FE%F3%EB%C1%F7%E4%F7%E0%F3%FE%C6%FB%FF%F7%E1%B0%A8%B0%C2%E7%F7%F6%F7%B2%E0%F7%F3%FE%FB%E8%F3%E0%B2%F7%E1%E6%F3%B2%F3%F1%E6%FB%E4%FB%F6%F3%F6%B2%F1%E7%F3%FC%E6%F3%E1%B2%E4%F7%F1%F7%E1%B2%E3%E7%FB%F7%E0%F3%B0%BE%B0%FF%E1%F5%D1%FE%FD%E1%F7%B0%A8%B0%D1%F7%E0%E0%F3%E0%B0%BE%B0%FF%E1%F5%D3%E7%F6%FB%FD%B0%A8%B0%D3%E7%F6%FB%FD%B0%BE%B0%FF%E1%F5%C6%FB%FF%F7%DD%E4%F7%E0%B0%A8%B0%D7%FE%B2%E6%FB%F7%FF%E2%FD%B2%FA%F3%B2%F4%FB%FC%F3%FE%FB%E8%F3%F6%FD%B0%BE%B0%FF%F5%E1%D3%FE%FE%C2%E7%E8%E8%FE%F7%E1%B0%A8%B03%DA%F3%E1%B2%F1%FD%FF%E2%FE%F7%E6%F3%F6%FD%B2%E6%FD%F6%F3%E1%B2%FE%F3%E1%B2%F3%F1%E6%FB%E4%FB%F6%F3%F6%F7%E1%B3%B0%BE%B0%FF%E1%F5%DC%E7%FF%F0%F7%E0%E1%D3%E6%E6%F7%FF%E2%E1%B0%A8%B0%DCh%FF%F7%E0%FD%B2%F6%F7%B2%F3%F1%E6%FB%E4%FB%F6%F3%F6%F7%E1%B2%E2%F7%FC%F6%FB%F7%FC%E6%F7%E1%B0%BE%B0%FF%E1%F5%D3%F1%E6%FB%E4%FB%E6%FB%F7%E1%B0%A8%B0%D3%F1%E6%FB%E4%FB%F6%F3%F6%F7%E1%B0%BE%B0%FF%E1%F5%D1%FD%FC%E6%FB%FC%E7%F7%B0%A8%B0%D1%FD%FC%E6%FB%FC%E7%F3%E0%B0%BE%B0%FF%E1%F5%D3%F5%F3%FB%FC%B0%A8%B0%DB%FC%E6%7B%FC%E6%F3%FE%FD%B2%F6%F7%B2%FC%E7%F7%E4%FD%B0%BE%B0%FF%E1%F5%C7%FC%F1%FD%FF%E2%FE%F7%E6%F7%F6%D3%F1%E6%FB%E4%FB%E6%EB%B0%A8%B0%D3%F1%E6%FB%E4%FB%F6%F3%F6%B2%FC%FD%B2%F1%FD%FF%E2%FE%F7%E6%F3%F6%F3%B0%BE%B0%FF%E1%F5%C1%E7%F1%F1%F7%E1%E1%F4%E7%FE%D3%F1%E6%FB%E4%FB%E6%EB%B0%A8%B0%D3%F1%E6%FB%E4%FB%F6%F3%F6%B2%E1%E7%E2%F7%E0%F3%F6%F3%BC%B2%C2%E7%FC%E6%E7%F3%F1%FBa%FC%A8%B2%B7%E1%B0%BE%B0%FF%E1%F5%C7%FC%E1%E7%F1%F1%F7%E1%E1%F4%E7%FE%D3%F1%E6%FB%E4%FB%E6%EB%B0%A8%B0%D3%F1%E6%FB%E4%FB%F6%F3%F6%B2%FC%FD%B2%E1%E7%E2%F7%E0%F3%F6%F3%BC%B2%C2%E7%FC%E6%E7%F3%F1%FBa%FC%A8%B2%B7%E1%B0%BE%B0%FF%E1%F5%C1%FA%FD%E5%DB%FF%F3%F5%F7%B0%A8%B0%DF%FD%E1%E6%E0%F3%E0%BD%DD%F1%E7%FE%E6%F3%E0%B2%FB%FF%F3%F5%F7%FC%B0%BE%B0%FF%E1%F5%C1%FA%FD%E5%DC%E7%FF%F0%F7%E0%E1%B0%A8%B0%DF%FD%E1%E6%E0%F3%E0%BD%DD%F1%E7%FE%E6%F3%E0%B2%FCh%FF%F7%E0%FD%E1%B0%BE%B0%FF%E1%F5%D3%E6%E6%F7%FF%E2%E1%DC%E7%FF%F0%F7%E0%E1%B0%A8%B0%DCh%FF%F7%E0%FD%B2%F6%F7%B2%FB%FC%E6%F7%FC%E6%FD%E1%B0%BE%B0%FF%E1%F5%C6%FB%FF%F7%C2%E7%E8%E8%FE%F7%B0%A8%B0%C6%FB%F7%FF%E2%FD%B2%F7%FF%E2%FE%F7%F3%F6%FD%B0%BE%B0%FF%E1%F5%E1%D1%FD%FF%E2%FE%F7%E6%F7%F6%C2%E7%E8%E8%FE%F7%B0%A8%B0%C2%E7%E8%FE%F7%B2%F1%FD%FF%E2%FE%F7%E6%F3%F6%FD%B0%BE%B0%FF%E1%F5%E1%DC%F7%EA%E6%B0%A8%B0%C1%FB%F5%E7%FB%F7%FC%E6%F7%B0%BE%B0%FF%E1%F5%E1%C0%F7%E2%F7%F3%E6%B0%A8%B0%C0%F7%E2%F7%E6%FB%F1%FBa%FC%B0%BE%B0%FF%E1%F5%E1%C6%F7%E0%FF%FB%FC%F3%E6%F7%B0%A8%B0%D4%FB%FC%F3%FE%FB%E8%F3%E0%B0%BE%B0%FF%E1%F5%C6%EB%E2%F7%D5%F3%FF%F7%B0%A8%B0%C2%E7%E8%FE%F7%B0%EF%EF&lt;/div&gt;&lt;a href="{{context_path}}/20251030160149173H36//bateria.png" class="js-hidden puzzle-LinkImagesDef"&gt;0&lt;/a&gt;&lt;div class="puzzle-bns js-hidden"&gt;Su navegador no es compatible con esta herramienta.&lt;/div&gt;&lt;/div&gt;</htmlView><jsonProperties/><odeComponentsOrder>1</odeComponentsOrder><odeComponentsProperties><odeComponentsProperty><key>visibility</key><value>true</value></odeComponentsProperty><odeComponentsProperty><key>teacherOnly</key><value>false</value></odeComponentsProperty><odeComponentsProperty><key>identifier</key><value/></odeComponentsProperty><odeComponentsProperty><key>cssClass</key><value/></odeComponentsProperty></odeComponentsProperties></odeComponent></odeComponents></odePagStructure></odePagStructures></odeNavStructure></odeNavStructures></ode>
